UserAge,UserGender,Number,Name,Type1,Type2,Abilities,Generation
79,1,1,Bulbasaur,Grass,Poison,"['Chlorophyll', 'Overgrow']",1
35,0,2,Ivysaur,Grass,Poison,"['Chlorophyll', 'Overgrow']",1
74,0,3,Venusaur,Grass,Poison,"['Chlorophyll', 'Overgrow']",1
80,0,3,Mega Venusaur,Grass,Poison,['Thick Fat'],6
57,1,4,Charmander,Fire,,"['Blaze', 'Solar Power']",1
80,0,5,Charmeleon,Fire,,"['Blaze', 'Solar Power']",1
72,0,6,Charizard,Fire,Flying,"['Blaze', 'Solar Power']",1
42,1,6,Mega Charizard Y,Fire,Flying,['Drought'],6
41,1,6,Mega Charizard X,Fire,Dragon,['Tough Claws'],6
34,1,7,Squirtle,Water,,"['Rain Dish', 'Torrent']",1
79,0,8,Wartortle,Water,,"['Rain Dish', 'Torrent']",1
77,0,9,Blastoise,Water,,"['Rain Dish', 'Torrent']",1
21,1,9,Mega Blastoise,Water,,['Mega Launcher'],6
67,0,10,Caterpie,Bug,,"['Run Away', 'Shield Dust']",1
63,0,11,Metapod,Bug,,['Shed Skin'],1
36,0,12,Butterfree,Bug,Flying,['Tinted Lens'],1
59,1,13,Weedle,Bug,Poison,"['Run Away', 'Shield Dust']",1
19,1,14,Kakuna,Bug,Poison,['Shed Skin'],1
20,0,15,Beedrill,Bug,Poison,"['Sniper', 'Swarm']",1
16,1,15,Mega Beedrill,Bug,Poison,['Adaptability'],6
11,0,16,Pidgey,Normal,Flying,"['Big Pecks', 'Keen Eye', 'Tangled Feet']",1
72,1,17,Pidgeotto,Normal,Flying,"['Big Pecks', 'Keen Eye', 'Tangled Feet']",1
50,0,18,Pidgeot,Normal,Flying,"['Big Pecks', 'Keen Eye', 'Tangled Feet']",1
67,1,18,Mega Pidgeot,Normal,Flying,['No Guard'],6
10,1,19,Rattata,Normal,,"['Guts', 'Hustle', 'Run Away']",1
74,0,19,Alolan Rattata,Dark,Normal,"['Gluttony', 'Hustle', 'Thick Fat']",7
34,0,20,Raticate,Normal,,"['Guts', 'Hustle', 'Run Away']",1
79,1,20,Alolan Raticate,Dark,Normal,"['Gluttony', 'Hustle', 'Thick Fat']",7
16,0,21,Spearow,Normal,Flying,"['Keen Eye', 'Sniper']",1
52,1,22,Fearow,Normal,Flying,"['Keen Eye', 'Sniper']",1
60,0,23,Ekans,Poison,,"['Intimidate', 'Shed Skin', 'Unnerve']",1
65,1,24,Arbok,Poison,,"['Intimidate', 'Shed Skin', 'Unnerve']",1
53,0,25,Pikachu,Electric,,"['Lightning Rod', 'Static']",1
33,1,26,Raichu,Electric,,"['Lightning Rod', 'Static']",1
19,1,26,Alolan Raichu,Electric,Psychic,['Surge Surfer'],7
62,0,27,Sandshrew,Ground,,"['Sand Rush', 'Sand Veil']",1
45,1,27,Alolan Sandshrew,Ice,Steel,"['Slush Rush', 'Snow Cloak']",7
43,0,28,Sandslash,Ground,,"['Sand Rush', 'Sand Veil']",1
66,0,28,Alolan Sandslash,Ice,Steel,"['Slush Rush', 'Snow Cloak']",7
54,0,29,Nidoran♀,Poison,,"['Hustle', 'Poison Point', 'Rivalry']",1
19,0,30,Nidorina,Poison,,"['Hustle', 'Poison Point', 'Rivalry']",1
15,1,31,Nidoqueen,Poison,Ground,"['Poison Point', 'Rivalry', 'Sheer Force']",1
77,0,32,Nidoran♂,Poison,,"['Hustle', 'Poison Point', 'Rivalry']",1
37,1,33,Nidorino,Poison,,"['Hustle', 'Poison Point', 'Rivalry']",1
53,0,34,Nidoking,Poison,Ground,"['Poison Point', 'Rivalry', 'Sheer Force']",1
54,1,35,Clefairy,Fairy,,"['Cute Charm', 'Friend Guard', 'Magic Guard']",1
34,0,36,Clefable,Fairy,,"['Cute Charm', 'Magic Guard', 'Unaware']",1
32,0,37,Vulpix,Fire,,"['Drought', 'Flash Fire']",1
13,1,37,Alolan Vulpix,Ice,,"['Snow Cloak', 'Snow Warning']",7
17,1,38,Ninetales,Fire,,"['Drought', 'Flash Fire']",1
58,0,38,Alolan Ninetales,Ice,Fairy,"['Snow Cloak', 'Snow Warning']",7
74,1,39,Jigglypuff,Normal,Fairy,"['Competitive', 'Cute Charm', 'Friend Guard']",1
16,0,40,Wigglytuff,Normal,Fairy,"['Competitive', 'Cute Charm', 'Frisk']",1
56,1,41,Zubat,Poison,Flying,"['Infiltrator', 'Inner Focus']",1
73,1,42,Golbat,Poison,Flying,"['Infiltrator', 'Inner Focus']",1
39,0,43,Oddish,Grass,Poison,"['Chlorophyll', 'Run Away']",1
43,0,44,Gloom,Grass,Poison,"['Chlorophyll', 'Stench']",1
16,1,45,Vileplume,Grass,Poison,"['Chlorophyll', 'Effect Spore']",1
31,0,46,Paras,Bug,Grass,"['Damp', 'Dry Skin', 'Effect Spore']",1
77,1,47,Parasect,Bug,Grass,"['Damp', 'Dry Skin', 'Effect Spore']",1
22,1,48,Venonat,Bug,Poison,"['Run Away', 'Tinted Lens']",1
80,0,49,Venomoth,Bug,Poison,"['Shield Dust', 'Tinted Lens', 'Wonder Skin']",1
54,1,50,Diglett,Ground,,"['Arena Trap', 'Sand Force', 'Sand Veil']",1
66,1,50,Alolan Diglett,Ground,Steel,"['Sand Force', 'Sand Veil', 'Tangling Hair']",7
79,0,51,Dugtrio,Ground,,"['Arena Trap', 'Sand Force', 'Sand Veil']",1
20,1,51,Alolan Dugtrio,Ground,Steel,"['Sand Force', 'Sand Veil', 'Tangling Hair']",7
14,0,52,Meowth,Normal,,"['Pickup', 'Technician', 'Unnerve']",1
46,0,52,Alolan Meowth,Dark,,"['Pickup', 'Rattled', 'Technician']",7
53,1,52,Galarian Meowth,Steel,,"['Pickup', 'Tough Claws', 'Unnerve']",8
42,1,53,Persian,Normal,,"['Limber', 'Technician', 'Unnerve']",1
67,1,53,Alolan Persian,Dark,,"['Fur Coat', 'Rattled', 'Technician']",7
61,0,54,Psyduck,Water,,"['Cloud Nine', 'Damp', 'Swift Swim']",1
15,0,55,Golduck,Water,,"['Cloud Nine', 'Damp', 'Swift Swim']",1
80,1,56,Mankey,Fighting,,"['Anger Point', 'Defiant', 'Vital Spirit']",1
37,0,57,Primeape,Fighting,,"['Anger Point', 'Defiant', 'Vital Spirit']",1
44,1,58,Growlithe,Fire,,"['Flash Fire', 'Intimidate', 'Justified']",1
74,1,59,Arcanine,Fire,,"['Flash Fire', 'Intimidate', 'Justified']",1
11,0,60,Poliwag,Water,,"['Damp', 'Swift Swim', 'Water Absorb']",1
80,1,61,Poliwhirl,Water,,"['Damp', 'Swift Swim', 'Water Absorb']",1
12,1,62,Poliwrath,Water,Fighting,"['Damp', 'Swift Swim', 'Water Absorb']",1
46,1,63,Abra,Psychic,,"['Inner Focus', 'Magic Guard', 'Synchronize']",1
50,0,64,Kadabra,Psychic,,"['Inner Focus', 'Magic Guard', 'Synchronize']",1
36,0,65,Alakazam,Psychic,,"['Inner Focus', 'Magic Guard', 'Synchronize']",1
32,0,65,Mega Alakazam,Psychic,,['Trace'],6
80,1,66,Machop,Fighting,,"['Guts', 'No Guard', 'Steadfast']",1
32,1,67,Machoke,Fighting,,"['Guts', 'No Guard', 'Steadfast']",1
69,1,68,Machamp,Fighting,,"['Guts', 'No Guard', 'Steadfast']",1
16,1,69,Bellsprout,Grass,Poison,"['Chlorophyll', 'Gluttony']",1
77,0,70,Weepinbell,Grass,Poison,"['Chlorophyll', 'Gluttony']",1
43,1,71,Victreebel,Grass,Poison,"['Chlorophyll', 'Gluttony']",1
32,0,72,Tentacool,Water,Poison,"['Clear Body', 'Liquid Ooze', 'Rain Dish']",1
36,0,73,Tentacruel,Water,Poison,"['Clear Body', 'Liquid Ooze', 'Rain Dish']",1
13,0,74,Geodude,Rock,Ground,"['Rock Head', 'Sand Veil', 'Sturdy']",1
17,0,74,Alolan Geodude,Rock,Electric,"['Galvanize', 'Magnet Pull', 'Sturdy']",7
80,0,75,Graveler,Rock,Ground,"['Rock Head', 'Sand Veil', 'Sturdy']",1
38,1,75,Alolan Graveler,Rock,Electric,"['Galvanize', 'Magnet Pull', 'Sturdy']",7
17,0,76,Golem,Rock,Ground,"['Rock Head', 'Sand Veil', 'Sturdy']",1
16,1,76,Alolan Golem,Rock,Electric,"['Galvanize', 'Magnet Pull', 'Sturdy']",7
37,0,77,Ponyta,Fire,,"['Flame Body', 'Flash Fire', 'Run Away']",1
44,0,77,Galarian Ponyta,Psychic,,"['Anticipation', 'Pastel Veil', 'Run Away']",8
61,1,78,Rapidash,Fire,,"['Flame Body', 'Flash Fire', 'Run Away']",1
25,1,78,Galarian Rapidash,Psychic,Fairy,"['Anticipation', 'Pastel Veil', 'Run Away']",8
14,0,79,Slowpoke,Water,Psychic,"['Oblivious', 'Own Tempo', 'Regenerator']",1
73,0,79,Galarian Slowpoke,Psychic,,"['Gluttony', 'Own Tempo', 'Regenerator']",8
13,1,80,Slowbro,Water,Psychic,"['Oblivious', 'Own Tempo', 'Regenerator']",1
80,0,80,Mega Slowbro,Water,Psychic,['Shell Armor'],6
22,1,80,Galarian Slowbro,Poison,Psychic,"['Own Tempo', 'Quick Draw', 'Regenerator']",8
64,1,81,Magnemite,Electric,Steel,"['Analytic', 'Magnet Pull', 'Sturdy']",1
55,1,82,Magneton,Electric,Steel,"['Analytic', 'Magnet Pull', 'Sturdy']",1
14,0,83,Farfetch'd,Normal,Flying,"['Defiant', 'Inner Focus', 'Keen Eye']",1
23,0,83,Galarian Farfetch'd,Fighting,,"['Scrappy', 'Steadfast']",8
39,1,84,Doduo,Normal,Flying,"['Early Bird', 'Run Away', 'Tangled Feet']",1
32,0,85,Dodrio,Normal,Flying,"['Early Bird', 'Run Away', 'Tangled Feet']",1
47,1,86,Seel,Water,,"['Hydration', 'Ice Body', 'Thick Fat']",1
52,0,87,Dewgong,Water,Ice,"['Hydration', 'Ice Body', 'Thick Fat']",1
11,0,88,Grimer,Poison,,"['Poison Touch', 'Stench', 'Sticky Hold']",1
29,0,88,Alolan Grimer,Poison,Dark,"['Gluttony', 'Poison Touch', 'Power of Alchemy']",7
20,1,89,Muk,Poison,,"['Poison Touch', 'Stench', 'Sticky Hold']",1
55,0,89,Alolan Muk,Poison,Dark,"['Gluttony', 'Poison Touch', 'Power of Alchemy']",7
73,1,90,Shellder,Water,,"['Overcoat', 'Shell Armor', 'Skill Link']",1
66,0,91,Cloyster,Water,Ice,"['Overcoat', 'Shell Armor', 'Skill Link']",1
11,1,92,Gastly,Ghost,Poison,['Levitate'],1
15,1,93,Haunter,Ghost,Poison,['Levitate'],1
27,0,94,Gengar,Ghost,Poison,['Cursed Body'],1
49,0,94,Mega Gengar,Ghost,Poison,['Shadow Tag'],6
80,1,95,Onix,Rock,Ground,"['Rock Head', 'Sturdy', 'Weak Armor']",1
61,0,96,Drowzee,Psychic,,"['Forewarn', 'Inner Focus', 'Insomnia']",1
24,0,97,Hypno,Psychic,,"['Forewarn', 'Inner Focus', 'Insomnia']",1
16,0,98,Krabby,Water,,"['Hyper Cutter', 'Sheer Force', 'Shell Armor']",1
33,0,99,Kingler,Water,,"['Hyper Cutter', 'Sheer Force', 'Shell Armor']",1
12,1,100,Voltorb,Electric,,"['Aftermath', 'Soundproof', 'Static']",1
50,1,101,Electrode,Electric,,"['Aftermath', 'Soundproof', 'Static']",1
29,1,102,Exeggcute,Grass,Psychic,"['Chlorophyll', 'Harvest']",1
55,0,103,Exeggutor,Grass,Psychic,"['Chlorophyll', 'Harvest']",1
42,0,103,Alolan Exeggutor,Grass,Dragon,"['Frisk', 'Harvest']",7
78,1,104,Cubone,Ground,,"['Battle Armor', 'Lightning Rod', 'Rock Head']",1
26,1,105,Marowak,Ground,,"['Battle Armor', 'Lightning Rod', 'Rock Head']",1
52,1,105,Alolan Marowak,Fire,Ghost,"['Cursed Body', 'Rock Head']",7
62,1,106,Hitmonlee,Fighting,,"['Limber', 'Reckless', 'Unburden']",1
50,0,107,Hitmonchan,Fighting,,"['Inner Focus', 'Iron Fist', 'Keen Eye']",1
13,0,108,Lickitung,Normal,,"['Cloud Nine', 'Oblivious', 'Own Tempo']",1
11,1,109,Koffing,Poison,,"['Levitate', 'Neutralizing Gas', 'Stench']",1
59,1,110,Weezing,Poison,,"['Levitate', 'Neutralizing Gas', 'Stench']",1
60,1,110,Galarian Weezing,Poison,Fairy,"['Levitate', 'Misty Surge', 'Neutralizing Gas']",8
76,0,111,Rhyhorn,Ground,Rock,"['Lightning Rod', 'Reckless', 'Rock Head']",1
45,1,112,Rhydon,Ground,Rock,"['Lightning Rod', 'Reckless', 'Rock Head']",1
42,0,113,Chansey,Normal,,"['Healer', 'Natural Cure', 'Serene Grace']",1
33,0,114,Tangela,Grass,,"['Chlorophyll', 'Leaf Guard', 'Regenerator']",1
17,0,115,Kangaskhan,Normal,,"['Early Bird', 'Inner Focus', 'Scrappy']",1
65,0,115,Mega Kangaskhan,Normal,,['Parental Bond'],6
15,1,116,Horsea,Water,,"['Damp', 'Sniper', 'Swift Swim']",1
26,1,117,Seadra,Water,,"['Damp', 'Poison Point', 'Sniper']",1
25,1,118,Goldeen,Water,,"['Lightning Rod', 'Swift Swim', 'Water Veil']",1
67,0,119,Seaking,Water,,"['Lightning Rod', 'Swift Swim', 'Water Veil']",1
45,1,120,Staryu,Water,,"['Analytic', 'Illuminate', 'Natural Cure']",1
25,1,121,Starmie,Water,Psychic,"['Analytic', 'Illuminate', 'Natural Cure']",1
11,1,122,Mr. Mime,Psychic,Fairy,"['Filter', 'Soundproof', 'Technician']",1
55,0,122,Galarian Mr. Mime,Ice,Psychic,"['Ice Body', 'Screen Cleaner', 'Vital Spirit']",8
36,0,123,Scyther,Bug,Flying,"['Steadfast', 'Swarm', 'Technician']",1
14,1,124,Jynx,Ice,Psychic,"['Dry Skin', 'Forewarn', 'Oblivious']",1
18,0,125,Electabuzz,Electric,,"['Static', 'Vital Spirit']",1
10,1,126,Magmar,Fire,,"['Flame Body', 'Vital Spirit']",1
66,0,127,Pinsir,Bug,,"['Hyper Cutter', 'Mold Breaker', 'Moxie']",1
27,0,127,Mega Pinsir,Bug,Flying,['Aerilate'],6
75,1,128,Tauros,Normal,,"['Anger Point', 'Intimidate', 'Sheer Force']",1
40,1,129,Magikarp,Water,,"['Rattled', 'Swift Swim']",1
50,1,130,Gyarados,Water,Flying,"['Intimidate', 'Moxie']",1
36,0,130,Mega Gyarados,Water,Dark,['Mold Breaker'],6
61,1,131,Lapras,Water,Ice,"['Hydration', 'Shell Armor', 'Water Absorb']",1
35,1,132,Ditto,Normal,,"['Imposter', 'Limber']",1
42,0,133,Eevee,Normal,,"['Adaptability', 'Anticipation', 'Run Away']",1
16,0,134,Vaporeon,Water,,"['Hydration', 'Water Absorb']",1
49,0,135,Jolteon,Electric,,"['Quick Feet', 'Volt Absorb']",1
51,1,136,Flareon,Fire,,"['Flash Fire', 'Guts']",1
77,0,137,Porygon,Normal,,"['Analytic', 'Download', 'Trace']",1
56,1,138,Omanyte,Rock,Water,"['Shell Armor', 'Swift Swim', 'Weak Armor']",1
66,0,139,Omastar,Rock,Water,"['Shell Armor', 'Swift Swim', 'Weak Armor']",1
26,1,140,Kabuto,Rock,Water,"['Battle Armor', 'Swift Swim', 'Weak Armor']",1
26,0,141,Kabutops,Rock,Water,"['Battle Armor', 'Swift Swim', 'Weak Armor']",1
38,0,142,Aerodactyl,Rock,Flying,"['Pressure', 'Rock Head', 'Unnerve']",1
42,1,142,Mega Aerodactyl,Rock,Flying,['Tough Claws'],6
73,0,143,Snorlax,Normal,,"['Gluttony', 'Immunity', 'Thick Fat']",1
29,1,144,Articuno,Ice,Flying,"['Pressure', 'Snow Cloak']",1
73,0,144,Galarian Articuno,Psychic,Flying,['Competitive'],8
50,0,145,Zapdos,Electric,Flying,"['Pressure', 'Static']",1
49,0,145,Galarian Zapdos,Fighting,Flying,['Defiant'],8
17,1,146,Moltres,Fire,Flying,"['Flame Body', 'Pressure']",1
42,0,146,Galarian Moltres,Dark,Flying,['Berserk'],8
44,1,147,Dratini,Dragon,,"['Marvel Scale', 'Shed Skin']",1
46,0,148,Dragonair,Dragon,,"['Marvel Scale', 'Shed Skin']",1
45,0,149,Dragonite,Dragon,Flying,"['Inner Focus', 'Multiscale']",1
38,1,150,Mewtwo,Psychic,,"['Pressure', 'Unnerve']",1
33,0,150,Mega Mewtwo Y,Psychic,,['Insomnia'],6
38,0,150,Mega Mewtwo X,Psychic,Fighting,['Steadfast'],6
60,1,151,Mew,Psychic,,['Synchronize'],1
57,1,152,Chikorita,Grass,,"['Leaf Guard', 'Overgrow']",2
10,1,153,Bayleef,Grass,,"['Leaf Guard', 'Overgrow']",2
75,0,154,Meganium,Grass,,"['Leaf Guard', 'Overgrow']",2
47,1,155,Cyndaquil,Fire,,"['Blaze', 'Flash Fire']",2
72,1,156,Quilava,Fire,,"['Blaze', 'Flash Fire']",2
13,1,157,Typhlosion,Fire,,"['Blaze', 'Flash Fire']",2
78,1,158,Totodile,Water,,"['Sheer Force', 'Torrent']",2
14,0,159,Croconaw,Water,,"['Sheer Force', 'Torrent']",2
33,1,160,Feraligatr,Water,,"['Sheer Force', 'Torrent']",2
23,0,161,Sentret,Normal,,"['Frisk', 'Keen Eye', 'Run Away']",2
46,0,162,Furret,Normal,,"['Frisk', 'Keen Eye', 'Run Away']",2
12,0,163,Hoothoot,Normal,Flying,"['Insomnia', 'Keen Eye', 'Tinted Lens']",2
15,1,164,Noctowl,Normal,Flying,"['Insomnia', 'Keen Eye', 'Tinted Lens']",2
61,0,165,Ledyba,Bug,Flying,"['Early Bird', 'Rattled', 'Swarm']",2
19,1,166,Ledian,Bug,Flying,"['Early Bird', 'Iron Fist', 'Swarm']",2
55,0,167,Spinarak,Bug,Poison,"['Insomnia', 'Sniper', 'Swarm']",2
11,1,168,Ariados,Bug,Poison,"['Insomnia', 'Sniper', 'Swarm']",2
29,0,169,Crobat,Poison,Flying,"['Infiltrator', 'Inner Focus']",2
74,1,170,Chinchou,Water,Electric,"['Illuminate', 'Volt Absorb', 'Water Absorb']",2
70,1,171,Lanturn,Water,Electric,"['Illuminate', 'Volt Absorb', 'Water Absorb']",2
42,0,172,Pichu,Electric,,"['Lightning Rod', 'Static']",2
23,1,173,Cleffa,Fairy,,"['Cute Charm', 'Friend Guard', 'Magic Guard']",2
34,0,174,Igglybuff,Normal,Fairy,"['Competitive', 'Cute Charm', 'Friend Guard']",2
12,1,175,Togepi,Fairy,,"['Hustle', 'Serene Grace', 'Super Luck']",2
19,0,176,Togetic,Fairy,Flying,"['Hustle', 'Serene Grace', 'Super Luck']",2
54,0,177,Natu,Psychic,Flying,"['Early Bird', 'Magic Bounce', 'Synchronize']",2
52,0,178,Xatu,Psychic,Flying,"['Early Bird', 'Magic Bounce', 'Synchronize']",2
14,0,179,Mareep,Electric,,"['Plus', 'Static']",2
55,0,180,Flaaffy,Electric,,"['Plus', 'Static']",2
15,1,181,Ampharos,Electric,,"['Plus', 'Static']",2
80,0,181,Mega Ampharos,Electric,Dragon,['Mold Breaker'],6
13,0,182,Bellossom,Grass,,"['Chlorophyll', 'Healer']",2
47,0,183,Marill,Water,Fairy,"['Huge Power', 'Sap Sipper', 'Thick Fat']",2
33,1,184,Azumarill,Water,Fairy,"['Huge Power', 'Sap Sipper', 'Thick Fat']",2
49,1,185,Sudowoodo,Rock,,"['Rattled', 'Rock Head', 'Sturdy']",2
25,1,186,Politoed,Water,,"['Damp', 'Drizzle', 'Water Absorb']",2
72,1,187,Hoppip,Grass,Flying,"['Chlorophyll', 'Infiltrator', 'Leaf Guard']",2
16,0,188,Skiploom,Grass,Flying,"['Chlorophyll', 'Infiltrator', 'Leaf Guard']",2
35,1,189,Jumpluff,Grass,Flying,"['Chlorophyll', 'Infiltrator', 'Leaf Guard']",2
12,0,190,Aipom,Normal,,"['Pickup', 'Run Away', 'Skill Link']",2
47,0,191,Sunkern,Grass,,"['Chlorophyll', 'Early Bird', 'Solar Power']",2
21,0,192,Sunflora,Grass,,"['Chlorophyll', 'Early Bird', 'Solar Power']",2
76,1,193,Yanma,Bug,Flying,"['Frisk', 'Speed Boost']",2
70,0,194,Wooper,Water,Ground,"['Damp', 'Unaware', 'Water Absorb']",2
78,0,195,Quagsire,Water,Ground,"['Damp', 'Unaware', 'Water Absorb']",2
11,0,196,Espeon,Psychic,,"['Magic Bounce', 'Synchronize']",2
14,0,197,Umbreon,Dark,,"['Inner Focus', 'Synchronize']",2
51,0,198,Murkrow,Dark,Flying,"['Insomnia', 'Prankster', 'Super Luck']",2
60,1,199,Slowking,Water,Psychic,"['Oblivious', 'Own Tempo', 'Regenerator']",2
10,0,199,Galarian Slowking,Poison,Psychic,"['Curious Medicine', 'Own Tempo', 'Regenerator']",8
68,1,200,Misdreavus,Ghost,,['Levitate'],2
52,0,201,Unown,Psychic,,['Levitate'],2
15,1,202,Wobbuffet,Psychic,,"['Shadow Tag', 'Telepathy']",2
16,1,203,Girafarig,Normal,Psychic,"['Early Bird', 'Inner Focus', 'Sap Sipper']",2
30,1,204,Pineco,Bug,,"['Overcoat', 'Sturdy']",2
38,0,205,Forretress,Bug,Steel,"['Overcoat', 'Sturdy']",2
67,1,206,Dunsparce,Normal,,"['Rattled', 'Run Away', 'Serene Grace']",2
26,0,207,Gligar,Ground,Flying,"['Hyper Cutter', 'Immunity', 'Sand Veil']",2
23,1,208,Steelix,Steel,Ground,"['Rock Head', 'Sheer Force', 'Sturdy']",2
46,1,208,Mega Steelix,Steel,Ground,['Sand Force'],6
75,1,209,Snubbull,Fairy,,"['Intimidate', 'Rattled', 'Run Away']",2
12,0,210,Granbull,Fairy,,"['Intimidate', 'Quick Feet', 'Rattled']",2
63,1,211,Qwilfish,Water,Poison,"['Intimidate', 'Poison Point', 'Swift Swim']",2
20,0,212,Scizor,Bug,Steel,"['Light Metal', 'Swarm', 'Technician']",2
35,1,212,Mega Scizor,Bug,Steel,['Technician'],6
16,1,213,Shuckle,Bug,Rock,"['Contrary', 'Gluttony', 'Sturdy']",2
60,1,214,Heracross,Bug,Fighting,"['Guts', 'Moxie', 'Swarm']",2
80,1,214,Mega Heracross,Bug,Fighting,['Skill Link'],6
32,0,215,Sneasel,Dark,Ice,"['Inner Focus', 'Keen Eye', 'Pickpocket']",2
64,1,216,Teddiursa,Normal,,"['Honey Gather', 'Pickup', 'Quick Feet']",2
41,1,217,Ursaring,Normal,,"['Guts', 'Quick Feet', 'Unnerve']",2
68,1,218,Slugma,Fire,,"['Flame Body', 'Magma Armor', 'Weak Armor']",2
76,0,219,Magcargo,Fire,Rock,"['Flame Body', 'Magma Armor', 'Weak Armor']",2
39,1,220,Swinub,Ice,Ground,"['Oblivious', 'Snow Cloak', 'Thick Fat']",2
18,1,221,Piloswine,Ice,Ground,"['Oblivious', 'Snow Cloak', 'Thick Fat']",2
37,1,222,Corsola,Water,Rock,"['Hustle', 'Natural Cure', 'Regenerator']",2
78,1,222,Galarian Corsola,Ghost,,"['Cursed Body', 'Weak Armor']",8
66,0,223,Remoraid,Water,,"['Hustle', 'Moody', 'Sniper']",2
18,0,224,Octillery,Water,,"['Moody', 'Sniper', 'Suction Cups']",2
30,1,225,Delibird,Ice,Flying,"['Hustle', 'Insomnia', 'Vital Spirit']",2
11,0,226,Mantine,Water,Flying,"['Swift Swim', 'Water Absorb', 'Water Veil']",2
68,0,227,Skarmory,Steel,Flying,"['Keen Eye', 'Sturdy', 'Weak Armor']",2
42,1,228,Houndour,Dark,Fire,"['Early Bird', 'Flash Fire', 'Unnerve']",2
20,0,229,Houndoom,Dark,Fire,"['Early Bird', 'Flash Fire', 'Unnerve']",2
25,0,229,Mega Houndoom,Dark,Fire,['Solar Power'],6
35,1,230,Kingdra,Water,Dragon,"['Damp', 'Sniper', 'Swift Swim']",2
41,1,231,Phanpy,Ground,,"['Pickup', 'Sand Veil']",2
19,1,232,Donphan,Ground,,"['Sand Veil', 'Sturdy']",2
48,0,233,Porygon2,Normal,,"['Analytic', 'Download', 'Trace']",2
49,0,234,Stantler,Normal,,"['Frisk', 'Intimidate', 'Sap Sipper']",2
13,1,235,Smeargle,Normal,,"['Moody', 'Own Tempo', 'Technician']",2
72,1,236,Tyrogue,Fighting,,"['Guts', 'Steadfast', 'Vital Spirit']",2
71,1,237,Hitmontop,Fighting,,"['Intimidate', 'Steadfast', 'Technician']",2
77,0,238,Smoochum,Ice,Psychic,"['Forewarn', 'Hydration', 'Oblivious']",2
17,0,239,Elekid,Electric,,"['Static', 'Vital Spirit']",2
18,0,240,Magby,Fire,,"['Flame Body', 'Vital Spirit']",2
48,0,241,Miltank,Normal,,"['Sap Sipper', 'Scrappy', 'Thick Fat']",2
13,0,242,Blissey,Normal,,"['Healer', 'Natural Cure', 'Serene Grace']",2
63,1,243,Raikou,Electric,,"['Inner Focus', 'Pressure']",2
30,1,244,Entei,Fire,,"['Inner Focus', 'Pressure']",2
27,0,245,Suicune,Water,,"['Inner Focus', 'Pressure']",2
37,1,246,Larvitar,Rock,Ground,"['Guts', 'Sand Veil']",2
48,0,247,Pupitar,Rock,Ground,['Shed Skin'],2
16,1,248,Tyranitar,Rock,Dark,"['Sand Stream', 'Unnerve']",2
57,1,248,Mega Tyranitar,Rock,Dark,['Sand Stream'],6
74,0,249,Lugia,Psychic,Flying,"['Multiscale', 'Pressure']",2
20,0,250,Ho-Oh,Fire,Flying,"['Pressure', 'Regenerator']",2
47,1,251,Celebi,Psychic,Grass,['Natural Cure'],2
64,0,252,Treecko,Grass,,"['Overgrow', 'Unburden']",3
17,0,253,Grovyle,Grass,,"['Overgrow', 'Unburden']",3
70,1,254,Sceptile,Grass,,"['Overgrow', 'Unburden']",3
59,0,254,Mega Sceptile,Grass,Dragon,[],6
17,0,255,Torchic,Fire,,"['Blaze', 'Speed Boost']",3
44,0,256,Combusken,Fire,Fighting,"['Blaze', 'Speed Boost']",3
27,1,257,Blaziken,Fire,Fighting,"['Blaze', 'Speed Boost']",3
33,0,257,Mega Blaziken,Fire,Fighting,['Speed Boost'],6
52,0,258,Mudkip,Water,,"['Damp', 'Torrent']",3
39,1,259,Marshtomp,Water,Ground,"['Damp', 'Torrent']",3
44,1,260,Swampert,Water,Ground,"['Damp', 'Torrent']",3
76,0,260,Mega Swampert,Water,Ground,['Swift Swim'],6
68,1,261,Poochyena,Dark,,"['Quick Feet', 'Rattled', 'Run Away']",3
20,1,262,Mightyena,Dark,,"['Intimidate', 'Moxie', 'Quick Feet']",3
75,1,263,Zigzagoon,Normal,,"['Gluttony', 'Pickup', 'Quick Feet']",3
74,1,263,Galarian Zigzagoon,Dark,Normal,"['Gluttony', 'Pickup', 'Quick Feet']",8
13,1,264,Linoone,Normal,,"['Gluttony', 'Pickup', 'Quick Feet']",3
30,1,264,Galarian Linoone,Dark,Normal,"['Gluttony', 'Pickup', 'Quick Feet']",8
47,1,265,Wurmple,Bug,,"['Run Away', 'Shield Dust']",3
78,0,266,Silcoon,Bug,,['Shed Skin'],3
44,0,267,Beautifly,Bug,Flying,"['Rivalry', 'Swarm']",3
28,1,268,Cascoon,Bug,,['Shed Skin'],3
42,0,269,Dustox,Bug,Poison,['Shield Dust'],3
21,1,270,Lotad,Water,Grass,"['Own Tempo', 'Rain Dish', 'Swift Swim']",3
33,1,271,Lombre,Water,Grass,"['Own Tempo', 'Rain Dish', 'Swift Swim']",3
47,0,272,Ludicolo,Water,Grass,"['Own Tempo', 'Rain Dish', 'Swift Swim']",3
21,0,273,Seedot,Grass,,"['Chlorophyll', 'Early Bird', 'Pickpocket']",3
45,1,274,Nuzleaf,Grass,Dark,"['Chlorophyll', 'Early Bird', 'Pickpocket']",3
16,1,275,Shiftry,Grass,Dark,"['Chlorophyll', 'Early Bird', 'Pickpocket']",3
76,1,276,Taillow,Normal,Flying,"['Guts', 'Scrappy']",3
14,0,277,Swellow,Normal,Flying,"['Guts', 'Scrappy']",3
75,0,278,Wingull,Water,Flying,"['Hydration', 'Keen Eye', 'Rain Dish']",3
19,1,279,Pelipper,Water,Flying,"['Drizzle', 'Keen Eye', 'Rain Dish']",3
28,0,280,Ralts,Psychic,Fairy,"['Synchronize', 'Telepathy', 'Trace']",3
64,0,281,Kirlia,Psychic,Fairy,"['Synchronize', 'Telepathy', 'Trace']",3
41,1,282,Gardevoir,Psychic,Fairy,"['Synchronize', 'Telepathy', 'Trace']",3
13,0,282,Mega Gardevoir,Psychic,Fairy,['Pixilate'],6
70,1,283,Surskit,Bug,Water,"['Rain Dish', 'Swift Swim']",3
76,0,284,Masquerain,Bug,Flying,"['Intimidate', 'Unnerve']",3
77,1,285,Shroomish,Grass,,"['Effect Spore', 'Poison Heal', 'Quick Feet']",3
15,1,286,Breloom,Grass,Fighting,"['Effect Spore', 'Poison Heal', 'Technician']",3
16,1,287,Slakoth,Normal,,['Truant'],3
25,1,288,Vigoroth,Normal,,['Vital Spirit'],3
55,0,289,Slaking,Normal,,['Truant'],3
37,0,290,Nincada,Bug,Ground,['Run Away'],3
51,1,291,Ninjask,Bug,Flying,"['Infiltrator', 'Speed Boost']",3
42,0,292,Shedinja,Bug,Ghost,['Wonder Guard'],3
71,1,293,Whismur,Normal,,"['Rattled', 'Soundproof']",3
77,0,294,Loudred,Normal,,"['Scrappy', 'Soundproof']",3
79,0,295,Exploud,Normal,,"['Scrappy', 'Soundproof']",3
31,1,296,Makuhita,Fighting,,"['Guts', 'Sheer Force', 'Thick Fat']",3
58,1,297,Hariyama,Fighting,,"['Guts', 'Sheer Force', 'Thick Fat']",3
20,1,298,Azurill,Normal,Fairy,"['Huge Power', 'Sap Sipper', 'Thick Fat']",3
53,0,299,Nosepass,Rock,,"['Magnet Pull', 'Sand Force', 'Sturdy']",3
46,0,300,Skitty,Normal,,"['Cute Charm', 'Normalize', 'Wonder Skin']",3
78,1,301,Delcatty,Normal,,"['Cute Charm', 'Normalize', 'Wonder Skin']",3
13,0,302,Sableye,Dark,Ghost,"['Keen Eye', 'Prankster', 'Stall']",3
32,0,302,Mega Sableye,Dark,Ghost,['Magic Bounce'],6
46,1,303,Mawile,Steel,Fairy,"['Hyper Cutter', 'Intimidate', 'Sheer Force']",3
79,1,303,Mega Mawile,Steel,Fairy,['Huge Power'],6
75,1,304,Aron,Steel,Rock,"['Heavy Metal', 'Rock Head', 'Sturdy']",3
75,0,305,Lairon,Steel,Rock,"['Heavy Metal', 'Rock Head', 'Sturdy']",3
40,1,306,Aggron,Steel,Rock,"['Heavy Metal', 'Rock Head', 'Sturdy']",3
36,1,306,Mega Aggron,Steel,,['Filter'],6
37,0,307,Meditite,Fighting,Psychic,"['Pure Power', 'Telepathy']",3
61,1,308,Medicham,Fighting,Psychic,"['Pure Power', 'Telepathy']",3
76,1,308,Mega Medicham,Fighting,Psychic,['Pure Power'],6
26,0,309,Electrike,Electric,,"['Lightning Rod', 'Minus', 'Static']",3
40,0,310,Manectric,Electric,,"['Lightning Rod', 'Minus', 'Static']",3
56,0,310,Mega Manectric,Electric,,['Intimidate'],6
59,0,311,Plusle,Electric,,"['Lightning Rod', 'Plus']",3
69,1,312,Minun,Electric,,"['Minus', 'Volt Absorb']",3
25,0,313,Volbeat,Bug,,"['Illuminate', 'Prankster', 'Swarm']",3
39,1,314,Illumise,Bug,,"['Oblivious', 'Prankster', 'Tinted Lens']",3
44,0,315,Roselia,Grass,Poison,"['Leaf Guard', 'Natural Cure', 'Poison Point']",3
33,0,316,Gulpin,Poison,,"['Gluttony', 'Liquid Ooze', 'Sticky Hold']",3
15,0,317,Swalot,Poison,,"['Gluttony', 'Liquid Ooze', 'Sticky Hold']",3
80,0,318,Carvanha,Water,Dark,"['Rough Skin', 'Speed Boost']",3
17,0,319,Sharpedo,Water,Dark,"['Rough Skin', 'Speed Boost']",3
50,1,319,Mega Sharpedo,Water,Dark,['Strong Jaw'],6
27,1,320,Wailmer,Water,,"['Oblivious', 'Pressure', 'Water Veil']",3
16,1,321,Wailord,Water,,"['Oblivious', 'Pressure', 'Water Veil']",3
66,1,322,Numel,Fire,Ground,"['Oblivious', 'Own Tempo', 'Simple']",3
18,0,323,Camerupt,Fire,Ground,"['Anger Point', 'Magma Armor', 'Solid Rock']",3
74,0,323,Mega Camerupt,Fire,Ground,['Sheer Force'],6
17,0,324,Torkoal,Fire,,"['Drought', 'Shell Armor', 'White Smoke']",3
77,1,325,Spoink,Psychic,,"['Gluttony', 'Own Tempo', 'Thick Fat']",3
26,0,326,Grumpig,Psychic,,"['Gluttony', 'Own Tempo', 'Thick Fat']",3
51,0,327,Spinda,Normal,,"['Contrary', 'Own Tempo', 'Tangled Feet']",3
51,1,328,Trapinch,Ground,,"['Arena Trap', 'Hyper Cutter', 'Sheer Force']",3
79,0,329,Vibrava,Ground,Dragon,['Levitate'],3
28,1,330,Flygon,Ground,Dragon,['Levitate'],3
79,0,331,Cacnea,Grass,,"['Sand Veil', 'Water Absorb']",3
21,0,332,Cacturne,Grass,Dark,"['Sand Veil', 'Water Absorb']",3
29,1,333,Swablu,Normal,Flying,"['Cloud Nine', 'Natural Cure']",3
43,1,334,Altaria,Dragon,Flying,"['Cloud Nine', 'Natural Cure']",3
12,0,334,Mega Altaria,Dragon,Fairy,['Pixilate'],6
47,1,335,Zangoose,Normal,,"['Immunity', 'Toxic Boost']",3
18,1,336,Seviper,Poison,,"['Infiltrator', 'Shed Skin']",3
57,0,337,Lunatone,Rock,Psychic,['Levitate'],3
80,0,338,Solrock,Rock,Psychic,['Levitate'],3
32,1,339,Barboach,Water,Ground,"['Anticipation', 'Hydration', 'Oblivious']",3
53,0,340,Whiscash,Water,Ground,"['Anticipation', 'Hydration', 'Oblivious']",3
16,0,341,Corphish,Water,,"['Adaptability', 'Hyper Cutter', 'Shell Armor']",3
11,1,342,Crawdaunt,Water,Dark,"['Adaptability', 'Hyper Cutter', 'Shell Armor']",3
50,0,343,Baltoy,Ground,Psychic,['Levitate'],3
32,1,344,Claydol,Ground,Psychic,['Levitate'],3
31,0,345,Lileep,Rock,Grass,"['Storm Drain', 'Suction Cups']",3
54,0,346,Cradily,Rock,Grass,"['Storm Drain', 'Suction Cups']",3
22,1,347,Anorith,Rock,Bug,"['Battle Armor', 'Swift Swim']",3
74,0,348,Armaldo,Rock,Bug,"['Battle Armor', 'Swift Swim']",3
34,1,349,Feebas,Water,,"['Adaptability', 'Oblivious', 'Swift Swim']",3
32,0,350,Milotic,Water,,"['Competitive', 'Cute Charm', 'Marvel Scale']",3
80,1,351,Castform,Normal,,['Forecast'],3
38,0,352,Kecleon,Normal,,"['Color Change', 'Protean']",3
62,1,353,Shuppet,Ghost,,"['Cursed Body', 'Frisk', 'Insomnia']",3
76,1,354,Banette,Ghost,,"['Cursed Body', 'Frisk', 'Insomnia']",3
18,0,354,Mega Banette,Ghost,,['Prankster'],6
62,0,355,Duskull,Ghost,,"['Frisk', 'Levitate']",3
71,1,356,Dusclops,Ghost,,"['Frisk', 'Pressure']",3
10,1,357,Tropius,Grass,Flying,"['Chlorophyll', 'Harvest', 'Solar Power']",3
75,0,358,Chimecho,Psychic,,['Levitate'],3
55,1,359,Absol,Dark,,"['Justified', 'Pressure', 'Super Luck']",3
77,0,359,Mega Absol,Dark,,['Magic Bounce'],6
72,0,360,Wynaut,Psychic,,"['Shadow Tag', 'Telepathy']",3
17,0,361,Snorunt,Ice,,"['Ice Body', 'Inner Focus', 'Moody']",3
70,1,362,Glalie,Ice,,"['Ice Body', 'Inner Focus', 'Moody']",3
28,0,362,Mega Glalie,Ice,,['Refrigerate'],6
70,0,363,Spheal,Ice,Water,"['Ice Body', 'Oblivious', 'Thick Fat']",3
12,0,364,Sealeo,Ice,Water,"['Ice Body', 'Oblivious', 'Thick Fat']",3
50,1,365,Walrein,Ice,Water,"['Ice Body', 'Oblivious', 'Thick Fat']",3
28,1,366,Clamperl,Water,,"['Rattled', 'Shell Armor']",3
12,1,367,Huntail,Water,,"['Swift Swim', 'Water Veil']",3
13,0,368,Gorebyss,Water,,"['Hydration', 'Swift Swim']",3
64,0,369,Relicanth,Water,Rock,"['Rock Head', 'Sturdy', 'Swift Swim']",3
65,0,370,Luvdisc,Water,,"['Hydration', 'Swift Swim']",3
11,0,371,Bagon,Dragon,,"['Rock Head', 'Sheer Force']",3
59,0,372,Shelgon,Dragon,,"['Overcoat', 'Rock Head']",3
33,1,373,Salamence,Dragon,Flying,"['Intimidate', 'Moxie']",3
62,0,373,Mega Salamence,Dragon,Flying,['Aerilate'],6
48,1,374,Beldum,Steel,Psychic,"['Clear Body', 'Light Metal']",3
32,1,375,Metang,Steel,Psychic,"['Clear Body', 'Light Metal']",3
40,1,376,Metagross,Steel,Psychic,"['Clear Body', 'Light Metal']",3
65,1,376,Mega Metagross,Steel,Psychic,['Tough Claws'],6
73,1,377,Regirock,Rock,,"['Clear Body', 'Sturdy']",3
72,0,378,Regice,Ice,,"['Clear Body', 'Ice Body']",3
35,0,379,Registeel,Steel,,"['Clear Body', 'Light Metal']",3
69,1,380,Latias,Dragon,Psychic,['Levitate'],3
23,1,380,Mega Latias,Dragon,Psychic,['Levitate'],6
70,1,381,Latios,Dragon,Psychic,['Levitate'],3
36,1,381,Mega Latios,Dragon,Psychic,['Levitate'],6
60,1,382,Kyogre,Water,,['Drizzle'],3
80,1,382,Primal Kyogre,Water,,['Primordial Sea'],6
12,1,383,Groudon,Ground,,['Drought'],3
71,0,383,Primal Groudon,Ground,Fire,['Desolate Land'],6
34,1,384,Rayquaza,Dragon,Flying,['Air Lock'],3
22,0,384,Mega Rayquaza,Dragon,Flying,['Delta Stream'],6
77,0,385,Jirachi,Steel,Psychic,['Serene Grace'],3
13,0,386,Deoxys Normal Form,Psychic,,['Pressure'],3
51,1,386,Deoxys Defense Form,Psychic,,['Pressure'],3
38,0,386,Deoxys Attack Form,Psychic,,['Pressure'],3
34,0,386,Deoxys Speed Form,Psychic,,['Pressure'],3
56,1,387,Turtwig,Grass,,"['Overgrow', 'Shell Armor']",4
68,0,388,Grotle,Grass,,"['Overgrow', 'Shell Armor']",4
75,1,389,Torterra,Grass,Ground,"['Overgrow', 'Shell Armor']",4
77,1,390,Chimchar,Fire,,"['Blaze', 'Iron Fist']",4
50,0,391,Monferno,Fire,Fighting,"['Blaze', 'Iron Fist']",4
23,1,392,Infernape,Fire,Fighting,"['Blaze', 'Iron Fist']",4
35,0,393,Piplup,Water,,"['Defiant', 'Torrent']",4
28,1,394,Prinplup,Water,,"['Defiant', 'Torrent']",4
22,1,395,Empoleon,Water,Steel,"['Defiant', 'Torrent']",4
62,0,396,Starly,Normal,Flying,"['Keen Eye', 'Reckless']",4
76,0,397,Staravia,Normal,Flying,"['Intimidate', 'Reckless']",4
79,0,398,Staraptor,Normal,Flying,"['Intimidate', 'Reckless']",4
56,1,399,Bidoof,Normal,,"['Moody', 'Simple', 'Unaware']",4
70,0,400,Bibarel,Normal,Water,"['Moody', 'Simple', 'Unaware']",4
31,0,401,Kricketot,Bug,,"['Run Away', 'Shed Skin']",4
41,0,402,Kricketune,Bug,,"['Swarm', 'Technician']",4
71,0,403,Shinx,Electric,,"['Guts', 'Intimidate', 'Rivalry']",4
60,0,404,Luxio,Electric,,"['Guts', 'Intimidate', 'Rivalry']",4
31,0,405,Luxray,Electric,,"['Guts', 'Intimidate', 'Rivalry']",4
75,1,406,Budew,Grass,Poison,"['Leaf Guard', 'Natural Cure', 'Poison Point']",4
63,0,407,Roserade,Grass,Poison,"['Natural Cure', 'Poison Point', 'Technician']",4
15,0,408,Cranidos,Rock,,"['Mold Breaker', 'Sheer Force']",4
66,0,409,Rampardos,Rock,,"['Mold Breaker', 'Sheer Force']",4
10,0,410,Shieldon,Rock,Steel,"['Soundproof', 'Sturdy']",4
53,0,411,Bastiodon,Rock,Steel,"['Soundproof', 'Sturdy']",4
46,0,412,Burmy,Bug,,"['Overcoat', 'Shed Skin']",4
54,1,413,Wormadam Plant Cloak,Bug,Grass,"['Anticipation', 'Overcoat']",4
51,0,413,Wormadam Sandy Cloak,Bug,Ground,"['Anticipation', 'Overcoat']",4
80,1,413,Wormadam Trash Cloak,Bug,Steel,"['Anticipation', 'Overcoat']",4
36,0,414,Mothim,Bug,Flying,"['Swarm', 'Tinted Lens']",4
30,0,415,Combee,Bug,Flying,"['Honey Gather', 'Hustle']",4
37,1,416,Vespiquen,Bug,Flying,"['Pressure', 'Unnerve']",4
51,0,417,Pachirisu,Electric,,"['Pickup', 'Run Away', 'Volt Absorb']",4
26,1,418,Buizel,Water,,"['Swift Swim', 'Water Veil']",4
70,1,419,Floatzel,Water,,"['Swift Swim', 'Water Veil']",4
53,0,420,Cherubi,Grass,,['Chlorophyll'],4
22,0,421,Cherrim,Grass,,['Flower Gift'],4
18,1,422,Shellos,Water,,"['Sand Force', 'Sticky Hold', 'Storm Drain']",4
32,1,423,Gastrodon,Water,Ground,"['Sand Force', 'Sticky Hold', 'Storm Drain']",4
12,0,424,Ambipom,Normal,,"['Pickup', 'Skill Link', 'Technician']",4
74,0,425,Drifloon,Ghost,Flying,"['Aftermath', 'Flare Boost', 'Unburden']",4
69,0,426,Drifblim,Ghost,Flying,"['Aftermath', 'Flare Boost', 'Unburden']",4
37,0,427,Buneary,Normal,,"['Klutz', 'Limber', 'Run Away']",4
67,0,428,Lopunny,Normal,,"['Cute Charm', 'Klutz', 'Limber']",4
52,1,428,Mega Lopunny,Normal,Fighting,['Scrappy'],6
25,1,429,Mismagius,Ghost,,['Levitate'],4
65,0,430,Honchkrow,Dark,Flying,"['Insomnia', 'Moxie', 'Super Luck']",4
58,1,431,Glameow,Normal,,"['Keen Eye', 'Limber', 'Own Tempo']",4
51,1,432,Purugly,Normal,,"['Defiant', 'Own Tempo', 'Thick Fat']",4
46,0,433,Chingling,Psychic,,['Levitate'],4
20,0,434,Stunky,Poison,Dark,"['Aftermath', 'Keen Eye', 'Stench']",4
26,1,435,Skuntank,Poison,Dark,"['Aftermath', 'Keen Eye', 'Stench']",4
44,0,436,Bronzor,Steel,Psychic,"['Heatproof', 'Heavy Metal', 'Levitate']",4
78,1,437,Bronzong,Steel,Psychic,"['Heatproof', 'Heavy Metal', 'Levitate']",4
41,1,438,Bonsly,Rock,,"['Rattled', 'Rock Head', 'Sturdy']",4
62,0,439,Mime Jr.,Psychic,Fairy,"['Filter', 'Soundproof', 'Technician']",4
43,1,440,Happiny,Normal,,"['Friend Guard', 'Natural Cure', 'Serene Grace']",4
36,0,441,Chatot,Normal,Flying,"['Big Pecks', 'Keen Eye', 'Tangled Feet']",4
69,1,442,Spiritomb,Ghost,Dark,"['Infiltrator', 'Pressure']",4
58,1,443,Gible,Dragon,Ground,"['Rough Skin', 'Sand Veil']",4
25,0,444,Gabite,Dragon,Ground,"['Rough Skin', 'Sand Veil']",4
72,1,445,Garchomp,Dragon,Ground,"['Rough Skin', 'Sand Veil']",4
35,1,445,Mega Garchomp,Dragon,Ground,['Sand Force'],6
40,0,446,Munchlax,Normal,,"['Gluttony', 'Pickup', 'Thick Fat']",4
36,1,447,Riolu,Fighting,,"['Inner Focus', 'Prankster', 'Steadfast']",4
45,0,448,Lucario,Fighting,Steel,"['Inner Focus', 'Justified', 'Steadfast']",4
43,0,448,Mega Lucario,Fighting,Steel,['Adaptability'],6
73,0,449,Hippopotas,Ground,,"['Sand Force', 'Sand Stream']",4
20,0,450,Hippowdon,Ground,,"['Sand Force', 'Sand Stream']",4
11,0,451,Skorupi,Poison,Bug,"['Battle Armor', 'Keen Eye', 'Sniper']",4
74,1,452,Drapion,Poison,Dark,"['Battle Armor', 'Keen Eye', 'Sniper']",4
44,0,453,Croagunk,Poison,Fighting,"['Anticipation', 'Dry Skin', 'Poison Touch']",4
65,0,454,Toxicroak,Poison,Fighting,"['Anticipation', 'Dry Skin', 'Poison Touch']",4
41,1,455,Carnivine,Grass,,['Levitate'],4
67,0,456,Finneon,Water,,"['Storm Drain', 'Swift Swim', 'Water Veil']",4
45,0,457,Lumineon,Water,,"['Storm Drain', 'Swift Swim', 'Water Veil']",4
12,0,458,Mantyke,Water,Flying,"['Swift Swim', 'Water Absorb', 'Water Veil']",4
38,0,459,Snover,Grass,Ice,"['Snow Warning', 'Soundproof']",4
63,0,460,Abomasnow,Grass,Ice,"['Snow Warning', 'Soundproof']",4
35,0,460,Mega Abomasnow,Grass,Ice,['Snow Warning'],6
27,0,461,Weavile,Dark,Ice,"['Pickpocket', 'Pressure']",4
66,0,462,Magnezone,Electric,Steel,"['Analytic', 'Magnet Pull', 'Sturdy']",4
77,1,463,Lickilicky,Normal,,"['Cloud Nine', 'Oblivious', 'Own Tempo']",4
62,1,464,Rhyperior,Ground,Rock,"['Lightning Rod', 'Reckless', 'Solid Rock']",4
58,1,465,Tangrowth,Grass,,"['Chlorophyll', 'Leaf Guard', 'Regenerator']",4
20,0,466,Electivire,Electric,,"['Motor Drive', 'Vital Spirit']",4
65,0,467,Magmortar,Fire,,"['Flame Body', 'Vital Spirit']",4
56,1,468,Togekiss,Fairy,Flying,"['Hustle', 'Serene Grace', 'Super Luck']",4
57,1,469,Yanmega,Bug,Flying,"['Frisk', 'Speed Boost', 'Tinted Lens']",4
42,1,470,Leafeon,Grass,,"['Chlorophyll', 'Leaf Guard']",4
51,0,471,Glaceon,Ice,,"['Ice Body', 'Snow Cloak']",4
61,1,472,Gliscor,Ground,Flying,"['Hyper Cutter', 'Poison Heal', 'Sand Veil']",4
62,0,473,Mamoswine,Ice,Ground,"['Oblivious', 'Snow Cloak', 'Thick Fat']",4
63,1,474,Porygon-Z,Normal,,"['Adaptability', 'Analytic', 'Download']",4
23,0,475,Gallade,Psychic,Fighting,"['Justified', 'Steadfast']",4
22,0,475,Mega Gallade,Psychic,Fighting,['Inner Focus'],6
31,1,476,Probopass,Rock,Steel,"['Magnet Pull', 'Sand Force', 'Sturdy']",4
16,0,477,Dusknoir,Ghost,,"['Frisk', 'Pressure']",4
15,1,478,Froslass,Ice,Ghost,"['Cursed Body', 'Snow Cloak']",4
47,0,479,Rotom,Electric,Ghost,['Levitate'],4
29,1,479,Rotom-Wash,Electric,Water,['Levitate'],4
49,0,479,Rotom-Heat,Electric,Fire,['Levitate'],4
16,1,479,Rotom-Mow,Electric,Grass,['Levitate'],4
54,0,479,Rotom-Frost,Electric,Ice,['Levitate'],4
10,0,479,Rotom-Fan,Electric,Flying,['Levitate'],4
29,0,480,Uxie,Psychic,,['Levitate'],4
26,0,481,Mesprit,Psychic,,['Levitate'],4
43,1,482,Azelf,Psychic,,['Levitate'],4
25,0,483,Dialga,Steel,Dragon,"['Pressure', 'Telepathy']",4
61,1,484,Palkia,Water,Dragon,"['Pressure', 'Telepathy']",4
37,1,485,Heatran,Fire,Steel,"['Flame Body', 'Flash Fire']",4
75,1,486,Regigigas,Normal,,['Slow Start'],4
34,1,487,Giratina,Ghost,Dragon,"['Pressure', 'Telepathy']",4
73,0,487,Giratina-Origin,Dragon,Ghost,['Pressure'],4
14,1,488,Cresselia,Psychic,,['Levitate'],4
78,1,489,Phione,Water,,['Hydration'],4
17,1,490,Manaphy,Water,,['Hydration'],4
21,1,491,Darkrai,Dark,,['Bad Dreams'],4
46,1,492,Shaymin,Grass,,['Natural Cure'],4
56,0,492,Shaymin-Sky,Grass,Flying,['Serene Grace'],4
30,0,493,Arceus,Normal,,['Multitype'],4
50,1,494,Victini,Psychic,Fire,['Victory Star'],5
33,0,495,Snivy,Grass,,"['Contrary', 'Overgrow']",5
66,0,496,Servine,Grass,,"['Contrary', 'Overgrow']",5
18,0,497,Serperior,Grass,,"['Contrary', 'Overgrow']",5
49,0,498,Tepig,Fire,,"['Blaze', 'Thick Fat']",5
60,0,499,Pignite,Fire,Fighting,"['Blaze', 'Thick Fat']",5
20,0,500,Emboar,Fire,Fighting,"['Blaze', 'Reckless']",5
23,1,501,Oshawott,Water,,"['Shell Armor', 'Torrent']",5
28,1,502,Dewott,Water,,"['Shell Armor', 'Torrent']",5
62,0,503,Samurott,Water,,"['Shell Armor', 'Torrent']",5
52,0,504,Patrat,Normal,,"['Analytic', 'Keen Eye', 'Run Away']",5
43,0,505,Watchog,Normal,,"['Analytic', 'Illuminate', 'Keen Eye']",5
68,0,506,Lillipup,Normal,,"['Pickup', 'Run Away', 'Vital Spirit']",5
27,1,507,Herdier,Normal,,"['Intimidate', 'Sand Rush', 'Scrappy']",5
51,1,508,Stoutland,Normal,,"['Intimidate', 'Sand Rush', 'Scrappy']",5
72,1,509,Purrloin,Dark,,"['Limber', 'Prankster', 'Unburden']",5
56,1,510,Liepard,Dark,,"['Limber', 'Prankster', 'Unburden']",5
80,1,511,Pansage,Grass,,"['Gluttony', 'Overgrow']",5
38,1,512,Simisage,Grass,,"['Gluttony', 'Overgrow']",5
41,0,513,Pansear,Fire,,"['Blaze', 'Gluttony']",5
29,1,514,Simisear,Fire,,"['Blaze', 'Gluttony']",5
68,0,515,Panpour,Water,,"['Gluttony', 'Torrent']",5
24,0,516,Simipour,Water,,"['Gluttony', 'Torrent']",5
48,1,517,Munna,Psychic,,"['Forewarn', 'Synchronize', 'Telepathy']",5
38,0,518,Musharna,Psychic,,"['Forewarn', 'Synchronize', 'Telepathy']",5
47,0,519,Pidove,Normal,Flying,"['Big Pecks', 'Rivalry', 'Super Luck']",5
28,0,520,Tranquill,Normal,Flying,"['Big Pecks', 'Rivalry', 'Super Luck']",5
25,0,521,Unfezant,Normal,Flying,"['Big Pecks', 'Rivalry', 'Super Luck']",5
50,1,522,Blitzle,Electric,,"['Lightning Rod', 'Motor Drive', 'Sap Sipper']",5
54,0,523,Zebstrika,Electric,,"['Lightning Rod', 'Motor Drive', 'Sap Sipper']",5
29,1,524,Roggenrola,Rock,,"['Sand Force', 'Sturdy', 'Weak Armor']",5
36,1,525,Boldore,Rock,,"['Sand Force', 'Sturdy', 'Weak Armor']",5
16,0,526,Gigalith,Rock,,"['Sand Force', 'Sand Stream', 'Sturdy']",5
59,0,527,Woobat,Psychic,Flying,"['Klutz', 'Simple', 'Unaware']",5
12,0,528,Swoobat,Psychic,Flying,"['Klutz', 'Simple', 'Unaware']",5
79,1,529,Drilbur,Ground,,"['Mold Breaker', 'Sand Force', 'Sand Rush']",5
26,1,530,Excadrill,Ground,Steel,"['Mold Breaker', 'Sand Force', 'Sand Rush']",5
74,1,531,Audino,Normal,,"['Healer', 'Klutz', 'Regenerator']",5
80,0,531,Mega Audino,Normal,Fairy,['Healer'],6
56,0,532,Timburr,Fighting,,"['Guts', 'Iron Fist', 'Sheer Force']",5
75,1,533,Gurdurr,Fighting,,"['Guts', 'Iron Fist', 'Sheer Force']",5
36,1,534,Conkeldurr,Fighting,,"['Guts', 'Iron Fist', 'Sheer Force']",5
58,0,535,Tympole,Water,,"['Hydration', 'Swift Swim', 'Water Absorb']",5
24,1,536,Palpitoad,Water,Ground,"['Hydration', 'Swift Swim', 'Water Absorb']",5
61,0,537,Seismitoad,Water,Ground,"['Poison Touch', 'Swift Swim', 'Water Absorb']",5
43,1,538,Throh,Fighting,,"['Guts', 'Inner Focus', 'Mold Breaker']",5
15,1,539,Sawk,Fighting,,"['Inner Focus', 'Mold Breaker', 'Sturdy']",5
18,1,540,Sewaddle,Bug,Grass,"['Chlorophyll', 'Overcoat', 'Swarm']",5
63,0,541,Swadloon,Bug,Grass,"['Chlorophyll', 'Leaf Guard', 'Overcoat']",5
47,0,542,Leavanny,Bug,Grass,"['Chlorophyll', 'Overcoat', 'Swarm']",5
47,1,543,Venipede,Bug,Poison,"['Poison Point', 'Speed Boost', 'Swarm']",5
78,1,544,Whirlipede,Bug,Poison,"['Poison Point', 'Speed Boost', 'Swarm']",5
72,1,545,Scolipede,Bug,Poison,"['Poison Point', 'Speed Boost', 'Swarm']",5
69,1,546,Cottonee,Grass,Fairy,"['Chlorophyll', 'Infiltrator', 'Prankster']",5
35,0,547,Whimsicott,Grass,Fairy,"['Chlorophyll', 'Infiltrator', 'Prankster']",5
51,1,548,Petilil,Grass,,"['Chlorophyll', 'Leaf Guard', 'Own Tempo']",5
15,1,549,Lilligant,Grass,,"['Chlorophyll', 'Leaf Guard', 'Own Tempo']",5
37,1,550,Basculin,Water,,"['Adaptability', 'Mold Breaker', 'Reckless']",5
71,0,551,Sandile,Ground,Dark,"['Anger Point', 'Intimidate', 'Moxie']",5
59,1,552,Krokorok,Ground,Dark,"['Anger Point', 'Intimidate', 'Moxie']",5
25,1,553,Krookodile,Ground,Dark,"['Anger Point', 'Intimidate', 'Moxie']",5
28,1,554,Darumaka,Fire,,"['Hustle', 'Inner Focus']",5
34,1,554,Galarian Darumaka,Ice,,"['Hustle', 'Inner Focus']",8
38,1,555,Darmanitan,Fire,,"['Sheer Force', 'Zen Mode']",5
42,1,555,Darmanitan Zen-Mode,Fire,Psychic,['Zen Mode'],5
65,1,555,Galarian Darmanitan,Ice,,"['Gorilla Tactics', 'Zen Mode']",8
79,0,555,Galarian Darmanitan Zen-Mode,Ice,Fire,"['Gorilla Tactics', 'Zen Mode']",8
69,0,556,Maractus,Grass,,"['Chlorophyll', 'Storm Drain', 'Water Absorb']",5
51,0,557,Dwebble,Bug,Rock,"['Shell Armor', 'Sturdy', 'Weak Armor']",5
43,1,558,Crustle,Bug,Rock,"['Shell Armor', 'Sturdy', 'Weak Armor']",5
38,0,559,Scraggy,Dark,Fighting,"['Intimidate', 'Moxie', 'Shed Skin']",5
28,1,560,Scrafty,Dark,Fighting,"['Intimidate', 'Moxie', 'Shed Skin']",5
70,1,561,Sigilyph,Psychic,Flying,"['Magic Guard', 'Tinted Lens', 'Wonder Skin']",5
29,1,562,Yamask,Ghost,,['Mummy'],5
26,1,562,Galarian Yamask,Ground,Ghost,['Wandering Spirit'],8
47,0,563,Cofagrigus,Ghost,,['Mummy'],5
28,1,564,Tirtouga,Water,Rock,"['Solid Rock', 'Sturdy', 'Swift Swim']",5
77,0,565,Carracosta,Water,Rock,"['Solid Rock', 'Sturdy', 'Swift Swim']",5
75,1,566,Archen,Rock,Flying,['Defeatist'],5
62,1,567,Archeops,Rock,Flying,['Defeatist'],5
60,0,568,Trubbish,Poison,,"['Aftermath', 'Stench', 'Sticky Hold']",5
15,1,569,Garbodor,Poison,,"['Aftermath', 'Stench', 'Weak Armor']",5
13,0,570,Zorua,Dark,,['Illusion'],5
41,1,571,Zoroark,Dark,,['Illusion'],5
77,0,572,Minccino,Normal,,"['Cute Charm', 'Skill Link', 'Technician']",5
10,1,573,Cinccino,Normal,,"['Cute Charm', 'Skill Link', 'Technician']",5
32,1,574,Gothita,Psychic,,"['Competitive', 'Frisk', 'Shadow Tag']",5
37,0,575,Gothorita,Psychic,,"['Competitive', 'Frisk', 'Shadow Tag']",5
36,1,576,Gothitelle,Psychic,,"['Competitive', 'Frisk', 'Shadow Tag']",5
61,1,577,Solosis,Psychic,,"['Magic Guard', 'Overcoat', 'Regenerator']",5
63,1,578,Duosion,Psychic,,"['Magic Guard', 'Overcoat', 'Regenerator']",5
51,1,579,Reuniclus,Psychic,,"['Magic Guard', 'Overcoat', 'Regenerator']",5
54,1,580,Ducklett,Water,Flying,"['Big Pecks', 'Hydration', 'Keen Eye']",5
76,1,581,Swanna,Water,Flying,"['Big Pecks', 'Hydration', 'Keen Eye']",5
46,0,582,Vanillite,Ice,,"['Ice Body', 'Snow Cloak', 'Weak Armor']",5
49,1,583,Vanillish,Ice,,"['Ice Body', 'Snow Cloak', 'Weak Armor']",5
79,0,584,Vanilluxe,Ice,,"['Ice Body', 'Snow Warning', 'Weak Armor']",5
36,1,585,Deerling,Normal,Grass,"['Chlorophyll', 'Sap Sipper', 'Serene Grace']",5
30,0,586,Sawsbuck,Normal,Grass,"['Chlorophyll', 'Sap Sipper', 'Serene Grace']",5
75,0,587,Emolga,Electric,Flying,"['Motor Drive', 'Static']",5
60,0,588,Karrablast,Bug,,"['No Guard', 'Shed Skin', 'Swarm']",5
78,1,589,Escavalier,Bug,Steel,"['Overcoat', 'Shell Armor', 'Swarm']",5
44,0,590,Foongus,Grass,Poison,"['Effect Spore', 'Regenerator']",5
33,0,591,Amoonguss,Grass,Poison,"['Effect Spore', 'Regenerator']",5
29,1,592,Frillish,Water,Ghost,"['Cursed Body', 'Damp', 'Water Absorb']",5
66,1,593,Jellicent,Water,Ghost,"['Cursed Body', 'Damp', 'Water Absorb']",5
22,1,594,Alomomola,Water,,"['Healer', 'Hydration', 'Regenerator']",5
76,0,595,Joltik,Bug,Electric,"['Swarm', 'Unnerve']",5
56,1,596,Galvantula,Bug,Electric,"['Swarm', 'Unnerve']",5
69,0,597,Ferroseed,Grass,Steel,['Iron Barbs'],5
50,0,598,Ferrothorn,Grass,Steel,"['Anticipation', 'Iron Barbs']",5
52,0,599,Klink,Steel,,"['Clear Body', 'Minus', 'Plus']",5
63,0,600,Klang,Steel,,"['Clear Body', 'Minus', 'Plus']",5
79,0,601,Klinklang,Steel,,"['Clear Body', 'Minus', 'Plus']",5
42,1,602,Tynamo,Electric,,['Levitate'],5
27,1,603,Eelektrik,Electric,,['Levitate'],5
20,1,604,Eelektross,Electric,,['Levitate'],5
66,1,605,Elgyem,Psychic,,"['Analytic', 'Synchronize', 'Telepathy']",5
43,1,606,Beheeyem,Psychic,,"['Analytic', 'Synchronize', 'Telepathy']",5
73,0,607,Litwick,Ghost,Fire,"['Flame Body', 'Flash Fire', 'Infiltrator']",5
77,1,608,Lampent,Ghost,Fire,"['Flame Body', 'Flash Fire', 'Infiltrator']",5
65,1,609,Chandelure,Ghost,Fire,"['Flame Body', 'Flash Fire', 'Infiltrator']",5
34,1,610,Axew,Dragon,,"['Mold Breaker', 'Rivalry', 'Unnerve']",5
70,0,611,Fraxure,Dragon,,"['Mold Breaker', 'Rivalry', 'Unnerve']",5
59,0,612,Haxorus,Dragon,,"['Mold Breaker', 'Rivalry', 'Unnerve']",5
77,1,613,Cubchoo,Ice,,"['Rattled', 'Slush Rush', 'Snow Cloak']",5
24,0,614,Beartic,Ice,,"['Slush Rush', 'Snow Cloak', 'Swift Swim']",5
35,1,615,Cryogonal,Ice,,['Levitate'],5
63,1,616,Shelmet,Bug,,"['Hydration', 'Overcoat', 'Shell Armor']",5
67,0,617,Accelgor,Bug,,"['Hydration', 'Sticky Hold', 'Unburden']",5
72,1,618,Stunfisk,Ground,Electric,"['Limber', 'Sand Veil', 'Static']",5
18,1,618,Galarian Stunfisk,Ground,Steel,['Mimicry'],8
19,0,619,Mienfoo,Fighting,,"['Inner Focus', 'Reckless', 'Regenerator']",5
60,0,620,Mienshao,Fighting,,"['Inner Focus', 'Reckless', 'Regenerator']",5
70,0,621,Druddigon,Dragon,,"['Mold Breaker', 'Rough Skin', 'Sheer Force']",5
17,1,622,Golett,Ground,Ghost,"['Iron Fist', 'Klutz', 'No Guard']",5
58,1,623,Golurk,Ground,Ghost,"['Iron Fist', 'Klutz', 'No Guard']",5
16,0,624,Pawniard,Dark,Steel,"['Defiant', 'Inner Focus', 'Pressure']",5
18,1,625,Bisharp,Dark,Steel,"['Defiant', 'Inner Focus', 'Pressure']",5
65,0,626,Bouffalant,Normal,,"['Reckless', 'Sap Sipper', 'Soundproof']",5
54,1,627,Rufflet,Normal,Flying,"['Hustle', 'Keen Eye', 'Sheer Force']",5
58,1,628,Braviary,Normal,Flying,"['Defiant', 'Keen Eye', 'Sheer Force']",5
54,0,629,Vullaby,Dark,Flying,"['Big Pecks', 'Overcoat', 'Weak Armor']",5
80,0,630,Mandibuzz,Dark,Flying,"['Big Pecks', 'Overcoat', 'Weak Armor']",5
41,0,631,Heatmor,Fire,,"['Flash Fire', 'Gluttony', 'White Smoke']",5
21,1,632,Durant,Bug,Steel,"['Hustle', 'Swarm', 'Truant']",5
57,0,633,Deino,Dark,Dragon,['Hustle'],5
42,1,634,Zweilous,Dark,Dragon,['Hustle'],5
27,0,635,Hydreigon,Dark,Dragon,['Levitate'],5
36,1,636,Larvesta,Bug,Fire,"['Flame Body', 'Swarm']",5
72,1,637,Volcarona,Bug,Fire,"['Flame Body', 'Swarm']",5
78,1,638,Cobalion,Steel,Fighting,['Justified'],5
53,0,639,Terrakion,Rock,Fighting,['Justified'],5
25,0,640,Virizion,Grass,Fighting,['Justified'],5
55,0,641,Tornadus,Flying,,"['Defiant', 'Prankster']",5
24,1,641,Tornadus-Therian,Flying,,['Regenerator'],5
46,0,642,Thundurus,Electric,Flying,"['Defiant', 'Prankster']",5
34,1,642,Thundurus-Therian,Electric,Flying,['Volt Absorb'],5
35,1,643,Reshiram,Dragon,Fire,['Turboblaze'],5
47,0,644,Zekrom,Dragon,Electric,['Teravolt'],5
72,0,645,Landorus,Ground,Flying,"['Sand Force', 'Sheer Force']",5
56,1,645,Landorus-Therian,Ground,Flying,['Intimidate'],5
63,1,646,Kyurem,Dragon,Ice,['Pressure'],5
48,0,646,White Kyurem,Dragon,Ice,['Turboblaze'],5
79,1,646,Black Kyurem,Dragon,Ice,['Teravolt'],5
16,1,647,Keldeo,Water,Fighting,['Justified'],5
71,0,648,Meloetta,Normal,Psychic,['Serene Grace'],5
28,0,648,Meloetta-Pirouette,Normal,Fighting,['Serene Grace'],5
11,1,649,Genesect,Bug,Steel,['Download'],5
67,1,650,Chespin,Grass,,"['Bulletproof', 'Overgrow']",6
42,0,651,Quilladin,Grass,,"['Bulletproof', 'Overgrow']",6
51,0,652,Chesnaught,Grass,Fighting,"['Bulletproof', 'Overgrow']",6
26,1,653,Fennekin,Fire,,"['Blaze', 'Magician']",6
50,1,654,Braixen,Fire,,"['Blaze', 'Magician']",6
24,1,655,Delphox,Fire,Psychic,"['Blaze', 'Magician']",6
41,1,656,Froakie,Water,,"['Protean', 'Torrent']",6
58,1,657,Frogadier,Water,,"['Protean', 'Torrent']",6
33,1,658,Greninja,Water,Dark,"['Protean', 'Torrent']",6
15,0,658,Ash-Greninja,Water,Dark,['Battle Bond'],6
22,1,659,Bunnelby,Normal,,"['Cheek Pouch', 'Huge Power', 'Pickup']",6
56,0,660,Diggersby,Normal,Ground,"['Cheek Pouch', 'Huge Power', 'Pickup']",6
31,1,661,Fletchling,Normal,Flying,"['Big Pecks', 'Gale Wings']",6
46,1,662,Fletchinder,Fire,Flying,"['Flame Body', 'Gale Wings']",6
68,0,663,Talonflame,Fire,Flying,"['Flame Body', 'Gale Wings']",6
31,1,664,Scatterbug,Bug,,"['Friend Guard', 'Shield Dust']",6
47,1,665,Spewpa,Bug,,"['Friend Guard', 'Shed Skin']",6
75,1,666,Vivillon,Bug,Flying,"['Friend Guard', 'Shield Dust']",6
55,1,667,Litleo,Fire,Normal,"['Moxie', 'Rivalry', 'Unnerve']",6
22,1,668,Pyroar,Fire,Normal,"['Moxie', 'Rivalry', 'Unnerve']",6
17,0,669,Flabébé,Fairy,,"['Flower Veil', 'Symbiosis']",6
30,1,670,Floette,Fairy,,"['Flower Veil', 'Symbiosis']",6
63,1,671,Florges,Fairy,,"['Flower Veil', 'Symbiosis']",6
37,1,672,Skiddo,Grass,,"['Grass Pelt', 'Sap Sipper']",6
63,0,673,Gogoat,Grass,,"['Grass Pelt', 'Sap Sipper']",6
57,1,674,Pancham,Fighting,,"['Iron Fist', 'Mold Breaker', 'Scrappy']",6
50,1,675,Pangoro,Fighting,Dark,"['Iron Fist', 'Mold Breaker', 'Scrappy']",6
68,1,676,Furfrou,Normal,,['Fur Coat'],6
47,1,677,Espurr,Psychic,,"['Infiltrator', 'Keen Eye', 'Own Tempo']",6
62,1,678,Meowstic,Psychic,,"['Infiltrator', 'Keen Eye', 'Prankster']",6
54,1,679,Honedge,Steel,Ghost,['No Guard'],6
65,1,680,Doublade,Steel,Ghost,['No Guard'],6
51,1,681,Aegislash Shield Form,Steel,Ghost,['Stance Change'],6
39,0,681,Aegislash Blade Form,Steel,Ghost,['Stance Change'],6
54,0,682,Spritzee,Fairy,,"['Aroma Veil', 'Healer']",6
72,0,683,Aromatisse,Fairy,,"['Aroma Veil', 'Healer']",6
79,1,684,Swirlix,Fairy,,"['Sweet Veil', 'Unburden']",6
46,0,685,Slurpuff,Fairy,,"['Sweet Veil', 'Unburden']",6
40,1,686,Inkay,Dark,Psychic,"['Contrary', 'Infiltrator', 'Suction Cups']",6
21,0,687,Malamar,Dark,Psychic,"['Contrary', 'Infiltrator', 'Suction Cups']",6
80,0,688,Binacle,Rock,Water,"['Pickpocket', 'Sniper', 'Tough Claws']",6
33,0,689,Barbaracle,Rock,Water,"['Pickpocket', 'Sniper', 'Tough Claws']",6
64,1,690,Skrelp,Poison,Water,"['Adaptability', 'Poison Point', 'Poison Touch']",6
70,0,691,Dragalge,Poison,Dragon,"['Adaptability', 'Poison Point', 'Poison Touch']",6
75,0,692,Clauncher,Water,,['Mega Launcher'],6
26,1,693,Clawitzer,Water,,['Mega Launcher'],6
14,0,694,Helioptile,Electric,Normal,"['Dry Skin', 'Sand Veil', 'Solar Power']",6
24,1,695,Heliolisk,Electric,Normal,"['Dry Skin', 'Sand Veil', 'Solar Power']",6
66,0,696,Tyrunt,Rock,Dragon,"['Strong Jaw', 'Sturdy']",6
16,1,697,Tyrantrum,Rock,Dragon,"['Rock Head', 'Strong Jaw']",6
71,0,698,Amaura,Rock,Ice,"['Refrigerate', 'Snow Warning']",6
58,1,699,Aurorus,Rock,Ice,"['Refrigerate', 'Snow Warning']",6
58,1,700,Sylveon,Fairy,,"['Cute Charm', 'Pixilate']",6
71,0,701,Hawlucha,Fighting,Flying,"['Limber', 'Mold Breaker', 'Unburden']",6
10,1,702,Dedenne,Electric,Fairy,"['Cheek Pouch', 'Pickup', 'Plus']",6
34,1,703,Carbink,Rock,Fairy,"['Clear Body', 'Sturdy']",6
77,0,704,Goomy,Dragon,,"['Gooey', 'Hydration', 'Sap Sipper']",6
75,1,705,Sliggoo,Dragon,,"['Gooey', 'Hydration', 'Sap Sipper']",6
73,0,706,Goodra,Dragon,,"['Gooey', 'Hydration', 'Sap Sipper']",6
66,1,707,Klefki,Steel,Fairy,"['Magician', 'Prankster']",6
54,0,708,Phantump,Ghost,Grass,"['Frisk', 'Harvest', 'Natural Cure']",6
22,1,709,Trevenant,Ghost,Grass,"['Frisk', 'Harvest', 'Natural Cure']",6
44,1,710,Small Size Pumpkaboo,Ghost,Grass,"['Frisk', 'Insomnia', 'Pickup']",6
23,0,710,Average Size Pumpkaboo,Ghost,Grass,"['Frisk', 'Insomnia', 'Pickup']",6
73,0,710,Large Size Pumpkaboo,Ghost,Grass,"['Frisk', 'Insomnia', 'Pickup']",6
28,0,710,Super Size Pumpkaboo,Ghost,Grass,"['Frisk', 'Insomnia', 'Pickup']",6
16,1,711,Small Size Gourgeist,Ghost,Grass,"['Frisk', 'Insomnia', 'Pickup']",6
31,0,711,Average Size Gourgeist,Ghost,Grass,"['Frisk', 'Insomnia', 'Pickup']",6
77,1,711,Large Size Gourgeist,Ghost,Grass,"['Frisk', 'Insomnia', 'Pickup']",6
56,1,711,Super Size Gourgeist,Ghost,Grass,"['Frisk', 'Insomnia', 'Pickup']",6
11,0,712,Bergmite,Ice,,"['Ice Body', 'Own Tempo', 'Sturdy']",6
11,1,713,Avalugg,Ice,,"['Ice Body', 'Own Tempo', 'Sturdy']",6
43,1,714,Noibat,Flying,Dragon,"['Frisk', 'Infiltrator', 'Telepathy']",6
64,1,715,Noivern,Flying,Dragon,"['Frisk', 'Infiltrator', 'Telepathy']",6
48,1,716,Xerneas,Fairy,,['Fairy Aura'],6
12,0,717,Yveltal,Dark,Flying,['Dark Aura'],6
36,0,718,Zygarde,Dragon,Ground,['Aura Break'],6
64,0,718,Zygarde 10%,Dragon,Ground,"['Aura Break', 'Power Construct']",6
27,0,718,Zygarde Complete,Dragon,Ground,"['Aura Break', 'Power Construct']",6
42,0,719,Mega Diancie,Rock,Fairy,['Magic Bounce'],6
12,1,719,Diancie,Rock,Fairy,['Clear Body'],6
46,1,720,Hoopa,Psychic,Ghost,['Magician'],6
13,0,720,Hoopa Unbound,Psychic,Dark,['Magician'],6
14,1,721,Volcanion,Fire,Water,['Water Absorb'],6
16,1,722,Rowlet,Grass,Flying,"['Long Reach', 'Overgrow']",7
25,1,723,Dartrix,Grass,Flying,"['Long Reach', 'Overgrow']",7
26,1,724,Decidueye,Grass,Ghost,"['Long Reach', 'Overgrow']",7
43,0,725,Litten,Fire,,"['Blaze', 'Intimidate']",7
77,0,726,Torracat,Fire,,"['Blaze', 'Intimidate']",7
11,1,727,Incineroar,Fire,Dark,"['Blaze', 'Intimidate']",7
32,1,728,Popplio,Water,,"['Liquid Voice', 'Torrent']",7
74,0,729,Brionne,Water,,"['Liquid Voice', 'Torrent']",7
30,1,730,Primarina,Water,Fairy,"['Liquid Voice', 'Torrent']",7
72,0,731,Pikipek,Normal,Flying,"['Keen Eye', 'Pickup', 'Skill Link']",7
22,0,732,Trumbeak,Normal,Flying,"['Keen Eye', 'Pickup', 'Skill Link']",7
48,0,733,Toucannon,Normal,Flying,"['Keen Eye', 'Sheer Force', 'Skill Link']",7
61,0,734,Yungoos,Normal,,"['Adaptability', 'Stakeout', 'Strong Jaw']",7
45,0,735,Gumshoos,Normal,,"['Adaptability', 'Stakeout', 'Strong Jaw']",7
13,0,736,Grubbin,Bug,,['Swarm'],7
30,1,737,Charjabug,Bug,Electric,['Battery'],7
27,1,738,Vikavolt,Bug,Electric,['Levitate'],7
13,0,739,Crabrawler,Fighting,,"['Anger Point', 'Hyper Cutter', 'Iron Fist']",7
36,1,740,Crabominable,Fighting,Ice,"['Anger Point', 'Hyper Cutter', 'Iron Fist']",7
58,0,741,Oricorio Baile Style,Fire,Flying,['Dancer'],7
48,0,741,Oricorio Pom-Pom Style,Electric,Flying,['Dancer'],7
22,1,741,Oricorio Pa'u Style,Psychic,Flying,['Dancer'],7
12,0,741,Oricorio Sensu Style,Ghost,Flying,['Dancer'],7
14,1,742,Cutiefly,Bug,Fairy,"['Honey Gather', 'Shield Dust', 'Sweet Veil']",7
79,0,743,Ribombee,Bug,Fairy,"['Honey Gather', 'Shield Dust', 'Sweet Veil']",7
65,1,744,Rockruff,Rock,,"['Keen Eye', 'Steadfast', 'Vital Spirit']",7
39,1,745,Lycanroc,Rock,,"['Keen Eye', 'Sand Rush', 'Steadfast']",7
50,0,745,Lycanroc Midnight,Rock,,"['Keen Eye', 'No Guard', 'Vital Spirit']",7
59,1,745,Lycanroc Dusk,Rock,,['Tough Claws'],7
38,0,746,Wishiwashi,Water,,['Schooling'],7
73,0,746,Wishiwashi School,Water,,['Schooling'],7
13,0,747,Mareanie,Poison,Water,"['Limber', 'Merciless', 'Regenerator']",7
17,1,748,Toxapex,Poison,Water,"['Limber', 'Merciless', 'Regenerator']",7
14,0,749,Mudbray,Ground,,"['Inner Focus', 'Own Tempo', 'Stamina']",7
69,0,750,Mudsdale,Ground,,"['Inner Focus', 'Own Tempo', 'Stamina']",7
56,0,751,Dewpider,Water,Bug,"['Water Absorb', 'Water Bubble']",7
33,0,752,Araquanid,Water,Bug,"['Water Absorb', 'Water Bubble']",7
12,0,753,Fomantis,Grass,,"['Contrary', 'Leaf Guard']",7
79,0,754,Lurantis,Grass,,"['Contrary', 'Leaf Guard']",7
63,1,755,Morelull,Grass,Fairy,"['Effect Spore', 'Illuminate', 'Rain Dish']",7
76,1,756,Shiinotic,Grass,Fairy,"['Effect Spore', 'Illuminate', 'Rain Dish']",7
15,1,757,Salandit,Poison,Fire,"['Corrosion', 'Oblivious']",7
70,1,758,Salazzle,Poison,Fire,"['Corrosion', 'Oblivious']",7
41,1,759,Stufful,Normal,Fighting,"['Cute Charm', 'Fluffy', 'Klutz']",7
62,0,760,Bewear,Normal,Fighting,"['Fluffy', 'Klutz', 'Unnerve']",7
30,1,761,Bounsweet,Grass,,"['Leaf Guard', 'Oblivious', 'Sweet Veil']",7
34,1,762,Steenee,Grass,,"['Leaf Guard', 'Oblivious', 'Sweet Veil']",7
20,1,763,Tsareena,Grass,,"['Leaf Guard', 'Queenly Majesty', 'Sweet Veil']",7
16,1,764,Comfey,Fairy,,"['Flower Veil', 'Natural Cure', 'Triage']",7
29,0,765,Oranguru,Normal,Psychic,"['Inner Focus', 'Symbiosis', 'Telepathy']",7
57,0,766,Passimian,Fighting,,"['Defiant', 'Receiver']",7
27,1,767,Wimpod,Bug,Water,['Wimp Out'],7
20,1,768,Golisopod,Bug,Water,['Emergency Exit'],7
49,1,769,Sandygast,Ghost,Ground,"['Sand Veil', 'Water Compaction']",7
37,0,770,Palossand,Ghost,Ground,"['Sand Veil', 'Water Compaction']",7
42,1,771,Pyukumuku,Water,,"['Innards Out', 'Unaware']",7
67,1,772,Type: Null,Normal,,['Battle Armor'],7
29,0,773,Silvally,Normal,,['RKS System'],7
71,0,774,Minior Meteor Form,Rock,Flying,['Shields Down'],7
64,1,774,Minior Core Form,Rock,Flying,['Shields Down'],7
25,0,775,Komala,Normal,,['Comatose'],7
31,1,776,Turtonator,Fire,Dragon,['Shell Armor'],7
73,1,777,Togedemaru,Electric,Steel,"['Iron Barbs', 'Lightning Rod', 'Sturdy']",7
20,0,778,Mimikyu,Ghost,Fairy,['Disguise'],7
17,1,779,Bruxish,Water,Psychic,"['Dazzling', 'Strong Jaw', 'Wonder Skin']",7
26,0,780,Drampa,Normal,Dragon,"['Berserk', 'Cloud Nine', 'Sap Sipper']",7
19,1,781,Dhelmise,Ghost,Grass,['Steelworker'],7
60,1,782,Jangmo-o,Dragon,,"['Bulletproof', 'Overcoat', 'Soundproof']",7
71,1,783,Hakamo-o,Dragon,Fighting,"['Bulletproof', 'Overcoat', 'Soundproof']",7
56,1,784,Kommo-o,Dragon,Fighting,"['Bulletproof', 'Overcoat', 'Soundproof']",7
40,1,785,Tapu Koko,Electric,Fairy,"['Electric Surge', 'Telepathy']",7
19,0,786,Tapu Lele,Psychic,Fairy,"['Psychic Surge', 'Telepathy']",7
51,0,787,Tapu Bulu,Grass,Fairy,"['Grassy Surge', 'Telepathy']",7
21,1,788,Tapu Fini,Water,Fairy,"['Misty Surge', 'Telepathy']",7
39,1,789,Cosmog,Psychic,,['Unaware'],7
31,1,790,Cosmoem,Psychic,,['Sturdy'],7
36,0,791,Solgaleo,Psychic,Steel,['Full Metal Body'],7
23,0,792,Lunala,Psychic,Ghost,['Shadow Shield'],7
10,1,793,Nihilego,Rock,Poison,['Beast Boost'],7
48,1,794,Buzzwole,Bug,Fighting,['Beast Boost'],7
48,1,795,Pheromosa,Bug,Fighting,['Beast Boost'],7
42,0,796,Xurkitree,Electric,,['Beast Boost'],7
78,1,797,Celesteela,Steel,Flying,['Beast Boost'],7
61,0,798,Kartana,Grass,Steel,['Beast Boost'],7
19,0,799,Guzzlord,Dark,Dragon,['Beast Boost'],7
10,1,800,Necrozma,Psychic,,['Prism Armor'],7
38,0,800,Dusk Mane Necrozma,Psychic,Steel,['Prism Armor'],7
60,1,800,Dawn Wings Necrozma,Psychic,Ghost,['Prism Armor'],7
66,0,800,Ultra Necrozma,Psychic,Dragon,['Prism Armor'],7
79,0,801,Magearna,Steel,Fairy,['Soul-Heart'],7
70,0,802,Marshadow,Fighting,Ghost,['Technician'],7
39,0,803,Poipole,Poison,,['Beast Boost'],7
65,1,804,Naganadel,Poison,Dragon,['Beast Boost'],7
60,0,805,Stakataka,Rock,Steel,['Beast Boost'],7
27,1,806,Blacephalon,Fire,Ghost,['Beast Boost'],7
43,1,807,Zeraora,Electric,,['Volt Absorb'],7
28,0,808,Meltan,Steel,,['Magnet Pull'],7
61,0,809,Melmetal,Steel,,['Iron Fist'],7
20,0,810,Grookey,Grass,,"['Grassy Surge', 'Overgrow']",8
28,1,811,Thwackey,Grass,,"['Grassy Surge', 'Overgrow']",8
14,0,812,Rillaboom,Grass,,"['Grassy Surge', 'Overgrow']",8
76,1,813,Scorbunny,Fire,,"['Blaze', 'Libero']",8
27,0,814,Raboot,Fire,,"['Blaze', 'Libero']",8
23,1,815,Cinderace,Fire,,"['Blaze', 'Libero']",8
24,1,816,Sobble,Water,,"['Sniper', 'Torrent']",8
80,1,817,Drizzile,Water,,"['Sniper', 'Torrent']",8
69,0,818,Inteleon,Water,,"['Sniper', 'Torrent']",8
79,1,819,Skwovet,Normal,,"['Cheek Pouch', 'Gluttony']",8
30,0,820,Greedent,Normal,,"['Cheek Pouch', 'Gluttony']",8
31,1,821,Rookidee,Flying,,"['Big Pecks', 'Keen Eye', 'Unnerve']",8
54,1,822,Corvisquire,Flying,,"['Big Pecks', 'Keen Eye', 'Unnerve']",8
38,0,823,Corviknight,Flying,Steel,"['Mirror Armor', 'Pressure', 'Unnerve']",8
26,0,824,Blipbug,Bug,,"['Swarm', 'Telepathy']",8
20,0,825,Dottler,Bug,Psychic,"['Swarm', 'Telepathy']",8
25,1,826,Orbeetle,Bug,Psychic,"['Frisk', 'Swarm', 'Telepathy']",8
67,0,827,Nickit,Dark,,"['Run Away', 'Stakeout', 'Unburden']",8
21,0,828,Thievul,Dark,,"['Run Away', 'Stakeout', 'Unburden']",8
51,1,829,Gossifleur,Grass,,"['Cotton Down', 'Effect Spore', 'Regenerator']",8
67,0,830,Eldegoss,Grass,,"['Cotton Down', 'Effect Spore', 'Regenerator']",8
29,1,831,Wooloo,Normal,,"['Bulletproof', 'Fluffy', 'Run Away']",8
65,0,832,Dubwool,Normal,,"['Bulletproof', 'Fluffy', 'Steadfast']",8
26,1,833,Chewtle,Water,,"['Shell Armor', 'Strong Jaw', 'Swift Swim']",8
67,1,834,Drednaw,Water,Rock,"['Shell Armor', 'Strong Jaw', 'Swift Swim']",8
43,0,835,Yamper,Electric,,"['Ball Fetch', 'Rattled']",8
52,1,836,Boltund,Electric,,"['Competitive', 'Strong Jaw']",8
62,1,837,Rolycoly,Rock,,"['Flash Fire', 'Heatproof', 'Steam Engine']",8
77,1,838,Carkol,Rock,Fire,"['Flame Body', 'Flash Fire', 'Steam Engine']",8
52,1,839,Coalossal,Rock,Fire,"['Flame Body', 'Flash Fire', 'Steam Engine']",8
77,1,840,Applin,Grass,Dragon,"['Bulletproof', 'Gluttony', 'Ripen']",8
51,0,841,Flapple,Grass,Dragon,"['Gluttony', 'Hustle', 'Ripen']",8
40,0,842,Appletun,Grass,Dragon,"['Gluttony', 'Ripen', 'Thick Fat']",8
29,1,843,Silicobra,Ground,,"['Sand Spit', 'Sand Veil', 'Shed Skin']",8
34,0,844,Sandaconda,Ground,,"['Sand Spit', 'Sand Veil', 'Shed Skin']",8
41,1,845,Cramorant,Flying,Water,['Gulp Missile'],8
34,1,846,Arrokuda,Water,,"['Propeller Tail', 'Swift Swim']",8
35,0,847,Barraskewda,Water,,"['Propeller Tail', 'Swift Swim']",8
28,0,848,Toxel,Electric,Poison,"['Klutz', 'Rattled', 'Static']",8
15,1,849,Toxtricity,Electric,Poison,"['Plus', 'Punk Rock', 'Technician']",8
77,1,850,Sizzlipede,Fire,Bug,"['Flame Body', 'Flash Fire', 'White Smoke']",8
54,1,851,Centiskorch,Fire,Bug,"['Flame Body', 'Flash Fire', 'White Smoke']",8
61,1,852,Clobbopus,Fighting,,"['Limber', 'Technician']",8
41,1,853,Grapploct,Fighting,,"['Limber', 'Technician']",8
35,1,854,Sinistea,Ghost,,"['Cursed Body', 'Weak Armor']",8
18,1,855,Polteageist,Ghost,,"['Cursed Body', 'Weak Armor']",8
69,1,856,Hatenna,Psychic,,"['Anticipation', 'Healer', 'Magic Bounce']",8
52,1,857,Hattrem,Psychic,,"['Anticipation', 'Healer', 'Magic Bounce']",8
80,1,858,Hatterene,Psychic,Fairy,"['Anticipation', 'Healer', 'Magic Bounce']",8
49,1,859,Impidimp,Dark,Fairy,"['Frisk', 'Pickpocket', 'Prankster']",8
16,0,860,Morgrem,Dark,Fairy,"['Frisk', 'Pickpocket', 'Prankster']",8
49,0,861,Grimmsnarl,Dark,Fairy,"['Frisk', 'Pickpocket', 'Prankster']",8
50,1,862,Obstagoon,Dark,Normal,"['Defiant', 'Guts', 'Reckless']",8
70,1,863,Perrserker,Steel,,"['Battle Armor', 'Steely Spirit', 'Tough Claws']",8
39,0,864,Cursola,Ghost,,"['Perish Body', 'Weak Armor']",8
64,0,865,Sirfetch'd,Fighting,,"['Scrappy', 'Steadfast']",8
34,1,866,Mr. Rime,Ice,Psychic,"['Ice Body', 'Screen Cleaner', 'Tangled Feet']",8
26,0,867,Runerigus,Ground,Ghost,['Wandering Spirit'],8
31,0,868,Milcery,Fairy,,"['Aroma Veil', 'Sweet Veil']",8
23,1,869,Alcremie,Fairy,,"['Aroma Veil', 'Sweet Veil']",8
51,1,870,Falinks,Fighting,,"['Battle Armor', 'Defiant']",8
27,0,871,Pincurchin,Electric,,"['Electric Surge', 'Lightning Rod']",8
66,1,872,Snom,Ice,Bug,"['Ice Scales', 'Shield Dust']",8
45,0,873,Frosmoth,Ice,Bug,"['Ice Scales', 'Shield Dust']",8
64,1,874,Stonjourner,Rock,,['Power Spot'],8
75,0,875,Eiscue,Ice,,['Ice Face'],8
65,0,875,Eiscue Noice Face,Ice,,['Ice Face'],8
51,1,876,Indeedee,Psychic,Normal,"['Inner Focus', 'Psychic Surge', 'Synchronize']",8
50,0,877,Morpeko,Electric,Dark,['Hunger Switch'],8
43,1,878,Cufant,Steel,,"['Heavy Metal', 'Sheer Force']",8
47,1,879,Copperajah,Steel,,"['Heavy Metal', 'Sheer Force']",8
34,0,880,Dracozolt,Electric,Dragon,"['Hustle', 'Sand Rush', 'Volt Absorb']",8
66,1,881,Arctozolt,Electric,Ice,"['Slush Rush', 'Static', 'Volt Absorb']",8
47,0,882,Dracovish,Water,Dragon,"['Sand Rush', 'Strong Jaw', 'Water Absorb']",8
25,0,883,Arctovish,Water,Ice,"['Ice Body', 'Slush Rush', 'Water Absorb']",8
42,0,884,Duraludon,Steel,Dragon,"['Heavy Metal', 'Light Metal', 'Stalwart']",8
10,0,885,Dreepy,Dragon,Ghost,"['Clear Body', 'Cursed Body', 'Infiltrator']",8
19,0,886,Drakloak,Dragon,Ghost,"['Clear Body', 'Cursed Body', 'Infiltrator']",8
62,0,887,Dragapult,Dragon,Ghost,"['Clear Body', 'Cursed Body', 'Infiltrator']",8
64,0,888,Zacian,Fairy,,['Intrepid Sword'],8
34,1,888,Zacian Crowned Sword,Fairy,Steel,['Intrepid Sword'],8
71,1,889,Zamazenta,Fighting,,['Dauntless Shield'],8
52,1,889,Zamazenta Crowned Shield,Fighting,Steel,['Dauntless Shield'],8
34,1,890,Eternatus,Poison,Dragon,['Pressure'],8
31,0,891,Kubfu,Fighting,,['Inner Focus'],8
53,0,892,Urshifu Rapid Strike Style,Fighting,Water,['Unseen Fist'],8
14,0,892,Urshifu Single Strike Style,Fighting,Dark,['Unseen Fist'],8
32,1,893,Zarude,Dark,Grass,['Leaf Guard'],8
43,1,894,Regieleki,Electric,,['Transistor'],8
53,1,895,Regidrago,Dragon,,"[""Dragon's Maw""]",8
43,1,896,Glastrier,Ice,,['Chilling Neigh'],8
30,0,897,Spectrier,Ghost,,['Grim Neigh'],8
26,1,898,Calyrex,Psychic,Grass,['Unnerve'],8
36,0,898,Calyrex Ice Rider,Psychic,Ice,['As One'],8
20,0,898,Calyrex Shadow Rider,Psychic,Ghost,['As One'],8
